Metric,Value
RMSE,1.8979175090789795
MAE,1.5919588804244995
R²,-0.007780051072560301
Precision,0.6740359672389169
Recall,0.8740364809164953
F1,0.7611168657108037
